id;title;description;sort_order;created_date;last_modified_date
1;gently;../fake-data/blob/hipster.txt;2928;2026-09-19T10:24:00;2026-09-19T09:08:31
2;round;../fake-data/blob/hipster.txt;30407;2026-09-19T01:16:06;2026-09-19T06:20:19
3;idolized;../fake-data/blob/hipster.txt;5359;2026-09-18T23:16:19;2026-09-19T00:02:47
4;up woot gee;../fake-data/blob/hipster.txt;23942;2026-09-18T15:35:05;2026-09-19T06:33:03
5;an on elementary;../fake-data/blob/hipster.txt;11829;2026-09-19T01:04:41;2026-09-19T08:49:44
6;freely;../fake-data/blob/hipster.txt;14945;2026-09-19T01:17:14;2026-09-19T03:10:27
7;apud whose when;../fake-data/blob/hipster.txt;26226;2026-09-18T14:40:50;2026-09-18T12:31:50
8;shear for;../fake-data/blob/hipster.txt;3397;2026-09-18T15:38:59;2026-09-18T22:07:48
9;yippee dreary;../fake-data/blob/hipster.txt;20462;2026-09-19T03:28:19;2026-09-19T02:12:02
10;aha mobilize uh-huh;../fake-data/blob/hipster.txt;8241;2026-09-18T13:25:03;2026-09-18T16:03:42
11;vice petal behind;../fake-data/blob/hipster.txt;31168;2026-09-18T23:32:40;2026-09-19T10:15:59
12;uneven;../fake-data/blob/hipster.txt;11096;2026-09-18T21:04:24;2026-09-18T15:18:16
13;lest;../fake-data/blob/hipster.txt;1628;2026-09-19T02:18:14;2026-09-18T22:14:42
14;wherever with;../fake-data/blob/hipster.txt;4061;2026-09-18T14:51:01;2026-09-18T16:30:06
15;ha punctually underneath;../fake-data/blob/hipster.txt;11827;2026-09-18T17:23:05;2026-09-19T04:25:44
16;gadzooks upbeat;../fake-data/blob/hipster.txt;6797;2026-09-18T18:05:22;2026-09-19T00:49:11
17;pfft babyish;../fake-data/blob/hipster.txt;32435;2026-09-19T08:53:44;2026-09-19T07:59:13
18;boohoo apostrophize teeming;../fake-data/blob/hipster.txt;2765;2026-09-19T08:28:19;2026-09-18T17:10:10
19;in pixellate;../fake-data/blob/hipster.txt;23192;2026-09-18T18:31:33;2026-09-18T13:53:02
20;lounge;../fake-data/blob/hipster.txt;4657;2026-09-18T18:11:54;2026-09-18T13:51:54
21;narrate ugly millet;../fake-data/blob/hipster.txt;4896;2026-09-18T23:50:46;2026-09-19T01:53:21
22;until;../fake-data/blob/hipster.txt;1587;2026-09-18T18:18:55;2026-09-18T23:13:20
23;tough roadway unaccountably;../fake-data/blob/hipster.txt;26826;2026-09-19T07:03:16;2026-09-19T05:41:38
24;respectful provided after;../fake-data/blob/hipster.txt;14634;2026-09-18T14:04:37;2026-09-18T19:41:36
25;mountain pension;../fake-data/blob/hipster.txt;9046;2026-09-18T15:11:43;2026-09-18T15:03:45
26;lest gorgeous unless;../fake-data/blob/hipster.txt;21399;2026-09-19T03:19:55;2026-09-18T23:37:51
27;or;../fake-data/blob/hipster.txt;3700;2026-09-19T04:13:17;2026-09-19T10:51:42
28;next;../fake-data/blob/hipster.txt;12304;2026-09-19T05:46:04;2026-09-19T10:51:40
29;thick incidentally;../fake-data/blob/hipster.txt;4434;2026-09-19T08:58:39;2026-09-18T19:57:12
30;coaxingly blah bustling;../fake-data/blob/hipster.txt;2836;2026-09-18T13:15:31;2026-09-19T05:50:36
