id;title;participant;interview_date;notes;recording_url;created_date;product_id
1;reopen or stigmatize;and worth;2026-09-17;../fake-data/blob/hipster.txt;seldom;2026-09-18T09:15:51;1
2;worthy;cow boo between;2026-09-17;../fake-data/blob/hipster.txt;blah;2026-09-18T06:02:45;2
3;verbally whoever sunder;diligently;2026-09-17;../fake-data/blob/hipster.txt;likewise er corral;2026-09-17T21:44:22;3
4;which likely;rigidly;2026-09-18;../fake-data/blob/hipster.txt;materialise elementary;2026-09-18T08:00:43;4
5;requite scare;contradict outlying merit;2026-09-18;../fake-data/blob/hipster.txt;bliss seriously;2026-09-17T22:50:21;5
6;representation greedily correctly;unwieldy yahoo hence;2026-09-18;../fake-data/blob/hipster.txt;planula small rundown;2026-09-18T00:38:59;6
7;skyscraper generally;of phew suspension;2026-09-18;../fake-data/blob/hipster.txt;pfft airman;2026-09-18T04:11:09;7
8;quixotic noxious;begonia;2026-09-18;../fake-data/blob/hipster.txt;gust;2026-09-17T16:25:41;8
9;cap anenst;aha instead;2026-09-17;../fake-data/blob/hipster.txt;without;2026-09-18T08:52:27;9
10;from psst;ice-cream gah baritone;2026-09-18;../fake-data/blob/hipster.txt;cemetery emphasise;2026-09-17T20:34:37;10
11;brilliant;strictly times taut;2026-09-17;../fake-data/blob/hipster.txt;bidet minus;2026-09-18T05:43:34;11
12;but oh;hose shy;2026-09-18;../fake-data/blob/hipster.txt;far;2026-09-18T04:53:42;12
13;zowie;lest below;2026-09-18;../fake-data/blob/hipster.txt;pro yum;2026-09-17T18:06:50;13
14;aX;retract weakly;2026-09-18;../fake-data/blob/hipster.txt;misreport ignite;2026-09-17T16:23:05;14
15;mysterious apprehensive monasticism;until needily fooey;2026-09-17;../fake-data/blob/hipster.txt;oof where thoroughly;2026-09-17T20:28:21;15
16;everlasting;creak flawed;2026-09-18;../fake-data/blob/hipster.txt;within truly;2026-09-17T22:27:59;16
17;summary behind;where yahoo jellyfish;2026-09-17;../fake-data/blob/hipster.txt;when;2026-09-18T02:09:38;17
18;makeover cruelly;poorly;2026-09-18;../fake-data/blob/hipster.txt;toward both other;2026-09-18T09:02:27;18
19;muscat militate yahoo;down naturally well-made;2026-09-18;../fake-data/blob/hipster.txt;but;2026-09-18T04:23:40;19
20;arid quaintly;defiantly ew;2026-09-17;../fake-data/blob/hipster.txt;curiously;2026-09-18T04:40:09;20
21;insist accelerator;definite bide;2026-09-17;../fake-data/blob/hipster.txt;acknowledge;2026-09-18T05:44:46;21
22;through nor;merry;2026-09-17;../fake-data/blob/hipster.txt;huzzah where;2026-09-17T23:54:15;22
23;stint stupendous drat;brook how edible;2026-09-17;../fake-data/blob/hipster.txt;because despite;2026-09-17T19:07:56;23
24;sharply analogy;fully jubilantly;2026-09-17;../fake-data/blob/hipster.txt;upwardly righteously continually;2026-09-18T00:41:42;24
25;reconsideration gadzooks;oof while;2026-09-17;../fake-data/blob/hipster.txt;think as;2026-09-17T18:33:57;25
26;tasty bah;unnecessarily oof;2026-09-17;../fake-data/blob/hipster.txt;ew;2026-09-17T23:17:35;26
27;scratchy mmm complete;yippee;2026-09-18;../fake-data/blob/hipster.txt;frequent;2026-09-17T11:36:01;27
28;vivaciously unexpectedly vice;bulky;2026-09-17;../fake-data/blob/hipster.txt;distorted till;2026-09-17T22:54:53;28
29;oof anti till;at;2026-09-17;../fake-data/blob/hipster.txt;beyond frequent;2026-09-18T09:26:50;29
30;and lender;phooey;2026-09-17;../fake-data/blob/hipster.txt;cap per;2026-09-18T03:53:34;30
