id;node_type;node_id;event_type;summary;created_date
1;PRODUCT;26318;LINK_REMOVED;whereas than;2026-09-18T14:51:32
2;SOLUTION;24749;COMMENT_DELETED;regarding;2026-09-18T16:19:24
3;ASSUMPTION;3207;COMMENT_DELETED;pity swing;2026-09-19T08:06:56
4;OPPORTUNITY;29557;LINK_ADDED;vice geez well-off;2026-09-19T03:06:53
5;OPPORTUNITY;26308;LINK_REMOVED;which more too;2026-09-19T06:37:01
6;ASSUMPTION;17070;CONFIDENCE_CHANGED;improbable eyebrow uh-huh;2026-09-18T21:23:24
7;ASSUMPTION;11933;COMMENT_ADDED;pace;2026-09-19T08:43:02
8;SOLUTION;30356;CREATED;yippee beside;2026-09-18T21:27:22
9;SOLUTION;2150;COMMENT_DELETED;apropos surprisingly hyena;2026-09-18T15:54:23
10;ASSUMPTION;2983;STATUS_CHANGED;raw than till;2026-09-19T05:00:30
11;EVIDENCE;23627;MOVED;obediently;2026-09-18T21:03:35
12;PRODUCT;31839;QUESTION_ADDED;whereas portray;2026-09-19T08:05:47
13;SOLUTION;84;CONFIDENCE_CHANGED;oh stabilise pish;2026-09-18T19:30:04
14;EVIDENCE;263;COMMENT_DELETED;a pish;2026-09-18T22:27:17
15;ASSUMPTION;23113;COMMENT_ADDED;sensitize;2026-09-19T08:53:43
16;OUTCOME;5118;LINK_REMOVED;absent;2026-09-19T08:20:16
17;ASSUMPTION;22067;LINK_REMOVED;yahoo;2026-09-19T03:40:18
18;EVIDENCE;21304;COMMENT_ADDED;lest devil like;2026-09-18T16:35:53
19;OPPORTUNITY;645;MOVED;keel miserably;2026-09-19T05:08:52
20;ASSUMPTION;26694;CREATED;militate abaft;2026-09-19T00:43:01
21;OPPORTUNITY;1894;CONFIDENCE_CHANGED;joint;2026-09-18T19:03:22
22;PRODUCT;2046;LINK_REMOVED;consequently;2026-09-18T14:49:53
23;EVIDENCE;18054;PRIORITY_CHANGED;when;2026-09-18T14:45:43
24;OUTCOME;29632;CREATED;yet witty rectangular;2026-09-18T20:56:13
25;EVIDENCE;13713;QUESTION_ADDED;finally schnitzel;2026-09-19T08:21:41
26;PRODUCT;9086;VALUE_CHANGED;phew curry;2026-09-18T12:25:40
27;OUTCOME;31688;PRIORITY_CHANGED;fraternise wasabi whine;2026-09-19T05:30:22
28;PRODUCT;1017;PRIORITY_CHANGED;repentant;2026-09-18T22:05:37
29;OUTCOME;6766;COMMENT_ADDED;eek fortunately whether;2026-09-18T21:06:22
30;OUTCOME;26850;STATUS_CHANGED;wildly sparkling;2026-09-19T00:57:18
