id;name;url;sort_order;created_date
1;cram without so;"http://Qrtx";7981;2026-09-18T13:16:39
2;lest hoarse;"https://\-4";15155;2026-09-18T13:40:37
3;irritably failing;"http://ob[";2078;2026-09-19T03:15:41
4;fence;"http://_0}F";13003;2026-09-19T01:11:10
5;after spherical as;"http://AB;";23858;2026-09-19T00:56:31
6;than throughout;"http://k3Qw4";29426;2026-09-18T17:42:05
7;meadow asset sit;"http://_H,";13132;2026-09-19T09:55:28
8;continually granular;"http://t:'";29254;2026-09-19T02:32:32
9;retract giant;"http://3.h";1747;2026-09-18T22:43:23
10;consequently since loudly;"http://VA~c+q";28634;2026-09-18T16:49:54
11;unlucky;"http://s";29091;2026-09-19T00:43:00
12;aha what;"https://V|#";14050;2026-09-18T14:47:20
13;arrogantly putrid;"https://^";16992;2026-09-19T00:46:12
14;alienated minus meh;"https://:f[f_";6389;2026-09-19T06:08:58
15;until;"https://{txD)C";14736;2026-09-18T21:24:27
16;unto smoothly by;"http:// CbGX";123;2026-09-19T00:19:15
17;reference despite the;"http://#M";26366;2026-09-18T12:42:22
18;scram;"https://ii";9709;2026-09-18T22:40:05
19;goose recompense;"http://+IQ|";5587;2026-09-18T12:56:18
20;weary during measly;"http://(b\G";31261;2026-09-18T12:27:57
21;jut fail sympathetically;"http://6";16071;2026-09-19T00:09:23
22;ouch scowl innocently;"https://z$Q";17732;2026-09-18T17:15:54
23;where gigantic;"http://wB";5892;2026-09-19T07:49:35
24;cripple across yieldingly;"https://y6BT";10125;2026-09-18T21:08:13
25;tank aboard quinoa;"https://|2W*";14960;2026-09-18T21:15:54
26;unless politely;"http://]d.";31823;2026-09-18T13:44:23
27;on sunder definite;"https://]s";28211;2026-09-19T04:39:15
28;ornate likewise;"http://v&";15651;2026-09-18T12:44:01
29;downright punctuation;"http://`.~~";14680;2026-09-18T16:49:25
30;where warmly;"https://K?";6429;2026-09-18T14:05:24
