id;name;description;created_date
1;forenenst;../fake-data/blob/hipster.txt;2026-09-18T05:43:05
2;scoff;../fake-data/blob/hipster.txt;2026-09-17T16:52:59
3;neatly neglect scoop;../fake-data/blob/hipster.txt;2026-09-18T07:09:29
4;always shoulder now;../fake-data/blob/hipster.txt;2026-09-17T13:00:38
5;because mechanic;../fake-data/blob/hipster.txt;2026-09-17T20:38:48
6;steel cruel;../fake-data/blob/hipster.txt;2026-09-18T05:43:04
7;supposing stock;../fake-data/blob/hipster.txt;2026-09-18T07:38:23
8;silk;../fake-data/blob/hipster.txt;2026-09-18T00:21:39
9;fleck fooey boohoo;../fake-data/blob/hipster.txt;2026-09-17T12:37:50
10;indeed;../fake-data/blob/hipster.txt;2026-09-17T23:22:07
11;stir-fry hmph;../fake-data/blob/hipster.txt;2026-09-18T03:44:02
12;during duh;../fake-data/blob/hipster.txt;2026-09-17T13:10:50
13;uh-huh lest abscond;../fake-data/blob/hipster.txt;2026-09-17T17:02:10
14;range seldom;../fake-data/blob/hipster.txt;2026-09-18T05:22:47
15;utterly bah skean;../fake-data/blob/hipster.txt;2026-09-17T10:02:47
16;atop;../fake-data/blob/hipster.txt;2026-09-18T05:33:46
17;oh;../fake-data/blob/hipster.txt;2026-09-17T18:46:17
18;though yowza;../fake-data/blob/hipster.txt;2026-09-17T14:10:58
19;countess surface;../fake-data/blob/hipster.txt;2026-09-17T14:28:17
20;wriggler;../fake-data/blob/hipster.txt;2026-09-18T06:13:58
21;supposing deplore incidentally;../fake-data/blob/hipster.txt;2026-09-18T04:29:07
22;immediately;../fake-data/blob/hipster.txt;2026-09-17T15:27:30
23;sense;../fake-data/blob/hipster.txt;2026-09-17T19:55:31
24;or;../fake-data/blob/hipster.txt;2026-09-18T03:45:29
25;furthermore pack before;../fake-data/blob/hipster.txt;2026-09-18T02:26:16
26;cauliflower tight emergent;../fake-data/blob/hipster.txt;2026-09-18T06:14:16
27;tune-up exhaust;../fake-data/blob/hipster.txt;2026-09-17T15:39:29
28;and skeleton by;../fake-data/blob/hipster.txt;2026-09-17T09:53:58
29;fashion reopen carnival;../fake-data/blob/hipster.txt;2026-09-18T01:34:58
30;now across;../fake-data/blob/hipster.txt;2026-09-17T22:04:22
